|cn,愛,愛,愛
|aq,悪,悪,悪
|jq,安,安,安
|fw,案,案,案
|ki,以,以,以
|yx,伊,伊,伊
|h;,位,位,位
|ck,委,委,委
|bi,意,意,意
|z/,違,違,違
|zs,医,医,医
|ua,井,井,井
|kp,育,育,育
|kf,一,一,一
|&comma;l,印,印,印
|fo,員,員,員
|xl,引,引,引
|uo,院,院,院
|wa,右,右,右
|bz,宇,宇,宇
|xq,羽,羽,羽
|/&comma;,雨,雨,雨
|/z,浦,浦,浦
|ge,運,運,運
|pr,営,営,営
|ic,映,映,映
|&comma;c,栄,栄,栄
|&comma;b,永,永,永
|ul,英,英,英
|u;,衛,衛,衛
|ow,駅,駅,駅
|mq,越,越,越
|hg,円,円,円
|ou,園,園,園
|co,演,演,演
|yv,央,央,央
|cp,応,応,応
|hv,横,横,横
|y;,王,王,王
|mr,岡,岡,岡
|/s,億,億,億
|uc,屋,屋,屋
|fr,音,音,音
|jk,下,下,下
|hk,化,化,化
|cw,何,何,何
|f.,価,価,価
|oi,加,加,加
|&comma;e,可,可,可
|r;,家,家,家
|yc,科,科,科
|yp,果,果,果
|a;,歌,歌,歌
|nq,河,河,河
|lx,火,火,火
|bd,花,花,花
|n.,華,華,華
|jp,課,課,課
|b/,過,過,過
|ij,画,画,画
|bf,介,介,介
|dy,会,会,会
|qo,解,解,解
|kk,回,回,回
|cd,改,改,改
|.p,械,械,械
|md,海,海,海
|lu,界,界,界
|e&comma;,開,開,開
|ix,階,階,階
|pg,外,外,外
|m&comma;,害,害,害
|dz,街,街,街
|de,各,各,各
|&comma;t,格,格,格
|a/,確,確,確
|/w,角,角,角
|np,閣,閣,閣
|yd,学,学,学
|iu,楽,楽,楽
|gw,額,額,額
|yu,割,割,割
|we,活,活,活
|pd,株,株,株
|zx,刊,刊,刊
|.&comma;,巻,巻,巻
|li,完,完,完
|wn,官,官,官
|bp,感,感,感
|/v,環,環,環
|gx,監,監,監
|sa,管,管,管
|fc,観,観,観
|kj,間,間,間
|fe,関,関,関
|xu,館,館,館
|ns,丸,丸,丸
|h&comma;,含,含,含
|nb,岩,岩,岩
|o.,顔,顔,顔
|yz,企,企,企
|zi,器,器,器
|ts,基,基,基
|o&comma;,寄,寄,寄
|ao,期,期,期
|ys,機,機,機
|vr,帰,帰,帰
|wo,気,気,気
|g/,規,規,規
|xk,記,記,記
|z&comma;,起,起,起
|;i,技,技,技
|c;,義,義,義
|ep,議,議,議
|.t,吉,吉,吉
|pq,久,久,久
|.r,休,休,休
|uu,及,及,及
|ub,宮,宮,宮
|nd,急,急,急
|xo,求,求,求
|yo,球,球,球
|;;,究,究,究
|hp,級,級,級
|kw,給,給,給
|/o,居,居,居
|;p,巨,巨,巨
|bs,挙,挙,挙
|sz,許,許,許
|ir,京,京,京
|wz,競,競,競
|lc,共,共,共
|rm,協,協,協
|bj,強,強,強
|;g,教,教,教
|kv,橋,橋,橋
|./,況,況,況
|yq,興,興,興
|bx,響,響,響
|kt,業,業,業
|jo,局,局,局
|/u,極,極,極
|&comma;v,玉,玉,玉
|da,勤,勤,勤
|;t,近,近,近
|ye,金,金,金
|ok,銀,銀,銀
|of,九,九,九
|it,区,区,区
|xf,具,具,具
|q;,空,空,空
|ya,遇,遇,遇
|hb,軍,軍,軍
|;k,係,係,係
|.j,型,型,型
|ta,形,形,形
|//,景,景,景
|ka,経,経,経
|gr,計,計,計
|qf,警,警,警
|ve,軽,軽,軽
|;b,芸,芸,芸
|bw,迎,迎,迎
|i;,劇,劇,劇
|&comma;o,撃,撃,撃
|r&comma;,決,決,決
|ee,結,結,結
|js,月,月,月
|k&comma;,件,件,件
|ww,健,健,健
|pp,券,券,券
|oe,建,建,建
|vm,検,検,検
|a&comma;,権,権,権
|na,研,研,研
|&comma;w,県,県,県
|wl,見,見,見
|&comma;i,険,険,険
|jj,験,験,験
|nw,元,元,元
|;r,原,原,原
|y.,減,減,減
|gf,現,現,現
|b&comma;,言,言,言
|xp,限,限,限
|&comma;&comma;,個,個,個
|.g,古,古,古
|.c,庫,庫,庫
|jx,戸,戸,戸
|/j,故,故,故
|kr,五,五,五
|pf,午,午,午
|ls,後,後,後
|xc,御,御,御
|fn,語,語,語
|/p,護,護,護
|fm,交,交,交
|nf,光,光,光
|ef,公,公,公
|vz,効,効,効
|n/,厚,厚,厚
|uq,口,口,口
|r.,向,向,向
|zu,好,好,好
|yf,工,工,工
|mv,幸,幸,幸
|sr,広,広,広
|ik,校,校,校
|.i,構,構,構
|;c,江,江,江
|tw,港,港,港
|d/,考,考,考
|i&comma;,航,航,航
|ty,行,行,行
|qm,講,講,講
|mz,鉱,鉱,鉱
|iz,鋼,鋼,鋼
|he,高,高,高
|;j,号,号,号
|e;,合,合,合
|ol,告,告,告
|je,国,国,国
|qd,黒,黒,黒
|g.,込,込,込
|se,今,今,今
|aw,根,根,根
|;w,佐,佐,佐
|q.,左,左,左
|o/,差,差,差
|v;,査,査,査
|td,座,座,座
|bm,再,再,再
|te,最,最,最
|/.,才,才,才
|yk,歳,歳,歳
|l;,済,済,済
|qx,祭,祭,祭
|rf,細,細,細
|k/,裁,裁,裁
|ll,際,際,際
|j;,在,在,在
|i/,材,材,材
|vq,財,財,財
|;x,坂,坂,坂
|oc,阪,阪,阪
|ne,崎,崎,崎
|dm,作,作,作
|tc,昨,昨,昨
|zj,策,策,策
|l.,殺,殺,殺
|zz,雑,雑,雑
|ke,三,三,三
|rs,参,参,参
|hr,山,山,山
|uw,産,産,産
|w.,算,算,算
|ea,残,残,残
|sw,仕,仕,仕
|q&comma;,使,使,使
|.o,司,司,司
|bc,史,史,史
|jg,四,四,四
|oa,士,士,士
|bq,始,始,始
|ey,子,子,子
|&comma;d,市,市,市
|l&comma;,師,師,師
|va,志,志,志
|bl,思,思,思
|e.,指,指,指
|.d,支,支,支
|cr,施,施,施
|j.,止,止,止
|e/,死,死,死
|uj,氏,氏,氏
|cy,私,私,私
|fq,糸,糸,糸
|yl,紙,紙,紙
|&comma;.,視,視,視
|gq,試,試,試
|wd,資,資,資
|uf,事,事,事
|ca,児,児,児
|no,字,字,字
|lz,寺,寺,寺
|wy,持,持,持
|ld,時,時,時
|ng,次,次,次
|en,治,治,治
|xa,示,示,示
|fd,自,自,自
|k;,式,式,式
|ur,七,七,七
|zm,失,失,失
|.e,室,室,室
|ws,質,質,質
|bk,実,実,実
|nv,芝,芝,芝
|am,写,写,写
|gl,社,社,社
|eo,者,者,者
|ji,車,車,車
|zk,若,若,若
|qh,主,主,主
|vy,取,取,取
|cc,守,守,守
|ro,手,手,手
|ju,種,種,種
|zc,酒,酒,酒
|ip,首,首,首
|vl,受,受,受
|/l,授,授,授
|kz,収,収,収
|pz,州,州,州
|rx,修,修,修
|.q,秀,秀,秀
|.b,秋,秋,秋
|pu,終,終,終
|ga,習,習,習
|ux,週,週,週
|t;,集,集,集
|gd,住,住,住
|kg,十,十,十
|sx,従,従,従
|/e,渋,渋,渋
|gm,重,重,重
|me,宿,宿,宿
|ry,出,出,出
|vo,術,術,術
|pb,春,春,春
|h/,準,準,準
|tn,初,初,初
|kl,所,所,所
|n&comma;,署,署,署
|ay,書,書,書
|ex,諸,諸,諸
|an,助,助,助
|fp,女,女,女
|yj,勝,勝,勝
|;s,商,商,商
|&comma;p,将,将,将
|lr,小,小,小
|wr,少,少,少
|pc,昇,昇,昇
|yb,昭,昭,昭
|hq,松,松,松
|bn,消,消,消
|&comma;j,省,省,省
|ov,証,証,証
|;a,賞,賞,賞
|fy,上,上,上
|rq,乗,乗,乗
|mb,城,城,城
|sy,場,場,場
|oo,常,常,常
|xy,情,情,情
|mc,条,条,条
|&comma;;,状,状,状
|ib,職,職,職
|lp,色,色,色
|qy,食,食,食
|zq,伸,伸,伸
|er,信,信,信
|k.,審,審,審
|oj,心,心,心
|nz,振,振,振
|hf,新,新,新
|/d,森,森,森
|aa,深,深,深
|a.,申,申,申
|w&comma;,真,真,真
|kb,神,神,神
|o;,親,親,親
|bo,身,身,身
|xi,進,進,進
|do,人,人,人
|;/,図,図,図
|xz,推,推,推
|yw,水,水,水
|ed,数,数,数
|ff,世,世,世
|iv,制,制,制
|pl,勢,勢,勢
|sn,性,性,性
|gp,成,成,成
|g;,政,政,政
|qr,整,整,整
|az,星,星,星
|sc,晴,晴,晴
|la,正,正,正
|;q,清,清,清
|go,生,生,生
|hz,精,精,精
|x/,声,声,声
|hu,製,製,製
|ot,西,西,西
|qe,青,青,青
|cq,静,静,静
|qs,税,税,税
|c.,席,席,席
|&comma;r,石,石,石
|vw,積,積,積
|ra,赤,赤,赤
|bu,切,切,切
|ps,接,接,接
|lj,設,設,設
|c&comma;,説,説,説
|rn,先,先,先
|ug,千,千,千
|tq,専,専,専
|jw,川,川,川
|ch,戦,戦,戦
|/x,泉,泉,泉
|pv,浅,浅,浅
|p/,洗,洗,洗
|w;,線,線,線
|oq,船,船,船
|s&comma;,選,選,選
|is,前,前,前
|u/,善,善,善
|ni,然,然,然
|dd,全,全,全
|vf,素,素,素
|vh,組,組,組
|&comma;a,倉,倉,倉
|za,奏,奏,奏
|xm,想,想,想
|dq,早,早,早
|x;,争,争,争
|qi,相,相,相
|sp,総,総,総
|nc,草,草,草
|.k,装,装,装
|sf,送,送,送
|fa,増,増,増
|mw,蔵,蔵,蔵
|lb,造,造,造
|;l,側,側,側
|.;,即,即,即
|s/,足,足,足
|ax,族,族,族
|ap,続,続,続
|ms,卒,卒,卒
|&comma;g,村,村,村
|ds,他,他,他
|bh,多,多,多
|tr,太,太,太
|d.,打,打,打
|ko,体,体,体
|ci,対,対,対
|ew,待,待,待
|wq,態,態,態
|/g,袋,袋,袋
|cs,貸,貸,貸
|tz,退,退,退
|y&comma;,隊,隊,隊
|hs,代,代,代
|jv,台,台,台
|id,大,大,大
|yt,第,第,第
|il,題,題,題
|mg,宅,宅,宅
|.f,沢,沢,沢
|wf,託,託,託
|zp,達,達,達
|jc,谷,谷,谷
|xs,単,単,単
|mp,担,担,担
|xw,短,短,短
|es,団,団,団
|mi,断,断,断
|;o,段,段,段
|g&comma;,男,男,男
|em,談,談,談
|mk,値,値,値
|vu,知,知,知
|ue,地,地,地
|uv,池,池,池
|z;,置,置,置
|.w,築,築,築
|.x,竹,竹,竹
|rc,茶,茶,茶
|vn,着,着,着
|if,中,中,中
|.u,仲,仲,仲
|wc,注,注,注
|y/,丁,丁,丁
|nu,庁,庁,庁
|b.,張,張,張
|&comma;s,朝,朝,朝
|yr,町,町,町
|cu,調,調,調
|d;,長,長,長
|af,直,直,直
|ac,賃,賃,賃
|nx,津,津,津
|vs,追,追,追
|gy,通,通,通
|mx,塚,塚,塚
|pa,坪,坪,坪
|;&comma;,低,低,低
|oz,停,停,停
|dp,定,定,定
|gz,帝,帝,帝
|xd,庭,庭,庭
|c/,提,提,提
|vc,程,程,程
|to,的,的,的
|l/,適,適,適
|pe,鉄,鉄,鉄
|ae,天,天,天
|q/,展,展,展
|f&comma;,店,店,店
|pk,転,転,転
|gn,点,点,点
|qw,伝,伝,伝
|ks,田,田,田
|jr,電,電,電
|cz,渡,渡,渡
|cx,登,登,登
|kq,都,都,都
|uk,度,度,度
|jb,土,土,土
|cl,党,党,党
|ia,島,島,島
|xh,投,投,投
|hd,東,東,東
|cj,当,当,当
|up,等,等,等
|v/,答,答,答
|&comma;q,統,統,統
|ha,藤,藤,藤
|zf,討,討,討
|pw,頭,頭,頭
|/k,働,働,働
|hw,動,動,動
|lf,同,同,同
|dx,堂,堂,堂
|x.,導,導,導
|kc,道,道,道
|w/,得,得,得
|xx,徳,徳,徳
|rp,特,特,特
|m/,督,督,督
|dc,独,独,独
|zo,読,読,読
|qc,曇,曇,曇
|yg,内,内,内
|hc,南,南,南
|j/,難,難,難
|jd,二,二,二
|kd,日,日,日
|vk,入,入,入
|zl,任,任,任
|xn,認,認,認
|rz,熱,熱,熱
|jf,年,年,年
|qa,念,念,念
|mu,之,之,之
|pi,能,能,能
|.s,農,農,農
|/c,波,波,波
|b;,派,派,派
|/f,馬,馬,馬
|.l,敗,敗,敗
|qp,配,配,配
|vp,買,買,買
|d&comma;,売,売,売
|rw,白,白,白
|p;,爆,爆,爆
|le,八,八,八
|so,発,発,発
|z.,抜,抜,抜
|zh,判,判,判
|nr,半,半,半
|tm,反,反,反
|px,板,板,板
|tx,版,版,版
|nl,般,般,般
|pj,販,販,販
|io,番,番,番
|..,彼,彼,彼
|h.,比,比,比
|tf,費,費,費
|xe,非,非,非
|u&comma;,飛,飛,飛
|xj,備,備,備
|&comma;x,尾,尾,尾
|t&comma;,美,美,美
|.a,菱,菱,菱
|qn,必,必,必
|os,百,百,百
|ui,表,表,表
|zd,評,評,評
|sq,病,病,病
|rd,品,品,品
|hx,浜,浜,浜
|;d,不,不,不
|ja,付,付,付
|ii,夫,夫,夫
|v&comma;,婦,婦,婦
|pt,富,富,富
|wm,府,府,府
|&comma;z,敷,敷,敷
|p.,普,普,普
|zn,負,負,負
|lv,武,武,武
|jt,部,部,部
|s.,風,風,風
|zr,復,復,復
|uz,服,服,服
|ss,福,福,福
|i.,払,払,払
|jl,物,物,物
|ig,分,分,分
|&comma;f,文,文,文
|j&comma;,聞,聞,聞
|fx,兵,兵,兵
|dr,平,平,平
|qq,並,並,並
|fs,米,米,米
|by,別,別,別
|gc,変,変,変
|ml,編,編,編
|/;,辺,辺,辺
|qz,返,返,返
|br,便,便,便
|df,保,保,保
|;f,歩,歩,歩
|ce,補,補,補
|sm,募,募,募
|ez,母,母,母
|rr,報,報,報
|;v,宝,宝,宝
|t.,放,放,放
|f;,方,方,方
|tp,法,法,法
|wx,訪,訪,訪
|/r,豊,豊,豊
|f/,望,望,望
|cf,防,防,防
|;e,北,北,北
|ud,本,本,本
|as,毎,毎,毎
|n;,末,末,末
|ie,万,万,万
|p&comma;,満,満,満
|t/,味,味,味
|ba,未,未,未
|yi,民,民,民
|iw,務,務,務
|dw,無,無,無
|ht,名,名,名
|x&comma;,命,命,命
|s;,明,明,明
|ec,免,免,免
|lg,面,面,面
|op,毛,毛,毛
|lw,木,木,木
|au,目,目,目
|lt,問,問,問
|mt,門,門,門
|hl,夜,夜,夜
|us,野,野,野
|vd,役,役,役
|ad,約,約,約
|lo,薬,薬,薬
|/q,油,油,油
|r/,輸,輸,輸
|re,優,優,優
|jz,友,友,友
|sd,有,有,有
|ho,由,由,由
|xr,遊,遊,遊
|/i,郵,郵,郵
|ob,雄,雄,雄
|.z,融,融,融
|wp,予,予,予
|lq,与,与,与
|;u,容,容,容
|.v,曜,曜,曜
|mj,様,様,様
|iq,洋,洋,洋
|ku,用,用,用
|ma,葉,葉,葉
|vi,要,要,要
|u.,陽,陽,陽
|mo,養,養,養
|/a,浴,浴,浴
|vj,来,来,来
|zy,落,落,落
|gs,利,利,利
|;z,履,履,履
|or,理,理,理
|zw,裏,裏,裏
|/b,陸,陸,陸
|be,率,率,率
|og,立,立,立
|cm,流,流,流
|&comma;u,旅,旅,旅
|eq,両,両,両
|ar,寮,寮,寮
|kx,料,料,料
|nj,良,良,良
|m.,量,量,量
|po,領,領,領
|hj,力,力,力
|nt,林,林,林
|m;,塁,塁,塁
|ze,類,類,類
|;.,例,例,例
|vx,冷,冷,冷
|fz,鈴,鈴,鈴
|/t,齢,齢,齢
|lk,歴,歴,歴
|&comma;/,練,練,練
|hi,連,連,連
|&comma;k,路,路,路
|ox,労,労,労
|mf,郎,郎,郎
|od,六,六,六
|v.,録,録,録
|nk,論,論,論
|ut,和,和,和
|dn,話,話,話

|ttk,亜,亜,亜
|uha,阿,阿,阿
|hyx,哀,哀,哀
|;mx,挨,挨,挨
|cvo,逢,逢,逢
|qbu,葵,葵,葵
|kmz,茜,茜,茜
|kmv,握,握,握
|;ma,渥,渥,渥
|vvl,旭,旭,旭
|qbh,葦,葦,葦
|ims,芦,芦,芦
|bbj,梓,梓,梓
|fgk,圧,圧,圧
|;mv,斡,斡,斡
|jhq,扱,扱,扱
|dvm,宛,宛,宛
|.nb,姐,姐,姐
|pnq,飴,飴,飴
|nnf,絢,絢,絢
|hyb,綾,綾,綾
|mms,鮎,鮎,鮎
|/ha,或,或,或
|xbo,粟,粟,粟
|vv;,庵,庵,庵
|yyt,暗,暗,暗
|xvy,闇,闇,闇
|ev/,鞍,鞍,鞍
|qvl,杏,杏,杏
|hhf,依,依,依
|yhx,偉,偉,偉
|&comma;hs,囲,囲,囲
|qb&comma;,夷,夷,夷
|etn,威,威,威
|avy,尉,尉,尉
|ev.,惟,惟,惟
|tgm,慰,慰,慰
|iye,易,易,易
|dbn,椅,椅,椅
|tgy,為,為,為
|nnt,畏,畏,畏
|dg;,異,異,異
|ggl,移,移,移
|agj,維,維,維
|yma,緯,緯,緯
|eg.,胃,胃,胃
|ynv,萎,萎,萎
|rgh,衣,衣,衣
|;hr,遺,遺,遺
|zty,亥,亥,亥
|dgo,域,域,域
|xvo,郁,郁,郁
|imx,磯,磯,磯
|pms,壱,壱,壱
|nnc,溢,溢,溢
|/yd,逸,逸,逸
|rgy,稲,稲,稲
|&comma;nx,茨,茨,茨
|qbj,芋,芋,芋
|.mw,允,允,允
|/hb,咽,咽,咽
|jha,因,因,因
|tv&comma;,姻,姻,姻
|jhv,飲,飲,飲
|wb&comma;,淫,淫,淫
|qbl,胤,胤,胤
|.ms,蔭,蔭,蔭
|fvl,陰,陰,陰
|xtj,隠,隠,隠
|wt/,韻,韻,韻
|/na,烏,烏,烏
|nmc,迂,迂,迂
|db/,卯,卯,卯
|.nf,丑,丑,丑
|wb.,碓,碓,碓
|nyq,臼,臼,臼
|zbk,渦,渦,渦
|vbo,嘘,嘘,嘘
|eg/,唄,唄,唄
|/mt,瓜,瓜,瓜
|unq,噂,噂,噂
|.me,云,云,云
|cgi,雲,雲,雲
|qg.,餌,餌,餌
|ab.,叡,叡,叡
|dbk,影,影,影
|nyv,曳,曳,曳
|nhd,泳,泳,泳
|nyw,洩,洩,洩
|xbi,瑛,瑛,瑛
|bgp,詠,詠,詠
|oya,鋭,鋭,鋭
|vgy,液,液,液
|tvp,疫,疫,疫
|uyr,益,益,益
|lyb,悦,悦,悦
|ynw,謁,謁,謁
|xvh,閲,閲,閲
|bbo,榎,榎,榎
|cbn,厭,厭,厭
|zbn,堰,堰,堰
|sb/,奄,奄,奄
|.yd,宴,宴,宴
|uhe,延,延,延
|imz,怨,怨,怨
|fgi,援,援,援
|fvu,沿,沿,沿
|hmw,炎,炎,炎
|uyc,煙,煙,煙
|qvm,燕,燕,燕
|rvy,猿,猿,猿
|omr,縁,縁,縁
|mng,艶,艶,艶
|hma,苑,苑,苑
|kht,遠,遠,遠
|fg/,鉛,鉛,鉛
|;hg,塩,塩,塩
|lyx,於,於,於
|vgl,汚,汚,汚
|wbp,甥,甥,甥
|cg/,凹,凹,凹
|dgy,奥,奥,奥
|une,往,往,往
|ihr,押,押,押
|hna,旺,旺,旺
|khv,欧,欧,欧
|jmv,殴,殴,殴
|gbp,翁,翁,翁
|ynb,鴎,鴎,鴎
|egm,黄,黄,黄
|wgj,沖,沖,沖
|&comma;hg,荻,荻,荻
|jnq,憶,憶,憶
|fv/,臆,臆,臆
|gvn,桶,桶,桶
|.mq,牡,牡,牡
|&comma;yw,乙,乙,乙
|kmx,俺,俺,俺
|;ye,卸,卸,卸
|bgu,恩,恩,恩
|jhr,温,温,温
|wg.,穏,穏,穏
|knw,仮,仮,仮
|bbm,伽,伽,伽
|hmr,佳,佳,佳
|knq,嘉,嘉,嘉
|dgi,夏,夏,夏
|qto,嫁,嫁,嫁
|tbo,寡,寡,寡
|&comma;ne,暇,暇,暇
|sv&comma;,架,架,架
|.ys,禍,禍,禍
|&comma;nw,稼,稼,稼
|.mr,箇,箇,箇
|.mx,苛,苛,苛
|yyg,荷,荷,荷
|fgm,菓,菓,菓
|pmd,嘩,嘩,嘩
|iya,貨,貨,貨
|gb/,迦,迦,迦
|oyz,霞,霞,霞
|&comma;mw,蚊,蚊,蚊
|pmv,俄,俄,俄
|ynx,峨,峨,峨
|pyw,我,我,我
|avm,牙,牙,牙
|tg/,臥,臥,臥
|umt,芽,芽,芽
|cv/,蛾,蛾,蛾
|uhd,賀,賀,賀
|ihb,雅,雅,雅
|/nd,餓,餓,餓
|/ys,塊,塊,塊
|&comma;hc,壊,壊,壊
|eb&comma;,廻,廻,廻
|qgk,快,快,快
|ato,怪,怪,怪
|.yw,悔,悔,悔
|pyb,懐,懐,懐
|evl,戒,戒,戒
|phz,拐,拐,拐
|vv&comma;,魁,魁,魁
|bvh,灰,灰,灰
|atu,皆,皆,皆
|jng,絵,絵,絵
|zgn,芥,芥,芥
|nyb,蟹,蟹,蟹
|gbi,貝,貝,貝
|zvl,凱,凱,凱
|knz,劾,劾,劾
|qb;,咳,咳,咳
|uma,崖,崖,崖
|pyx,慨,慨,慨
|vg;,概,概,概
|ohx,涯,涯,涯
|/nv,碍,碍,碍
|av;,蓋,蓋,蓋
|;yz,該,該,該
|xtu,骸,骸,骸
|;nq,馨,馨,馨
|mnv,蛙,蛙,蛙
|yhc,垣,垣,垣
|xby,柿,柿,柿
|mmr,鈎,鈎,鈎
|;nc,嚇,嚇,嚇
|;mb,廓,廓,廓
|agk,拡,拡,拡
|iht,核,核,核
|&comma;hz,殻,殻,殻
|tg&comma;,獲,獲,獲
|vbh,穫,穫,穫
|wtu,覚,覚,覚
|kyz,較,較,較
|ont,郭,郭,郭
|hns,隔,隔,隔
|etk,革,革,革
|jya,岳,岳,岳
|tg;,掛,掛,掛
|gbh,笠,笠,笠
|ab/,樫,樫,樫
|hhx,梶,梶,梶
|kyq,潟,潟,潟
|&comma;na,喝,喝,喝
|wbo,恰,恰,恰
|tvo,括,括,括
|.ne,渇,渇,渇
|avh,滑,滑,滑
|/nx,葛,葛,葛
|/hq,褐,褐,褐
|tv;,轄,轄,轄
|/hc,且,且,且
|/nz,叶,叶,叶
|qbp,樺,樺,樺
|zt;,鞄,鞄,鞄
|ztn,兜,兜,兜
|qgi,蒲,蒲,蒲
|cvh,釜,釜,釜
|fvk,鎌,鎌,鎌
|fgn,鴨,鴨,鴨
|zt.,茅,茅,茅
|bti,刈,刈,刈
|xb.,苅,苅,苅
|;ng,瓦,瓦,瓦
|myd,乾,乾,乾
|avi,冠,冠,冠
|;nf,寒,寒,寒
|zgj,勘,勘,勘
|knt,勧,勧,勧
|xvl,喚,喚,喚
|xgy,堪,堪,堪
|&comma;nb,姦,姦,姦
|hnd,寛,寛,寛
|ihg,干,干,干
|dgj,幹,幹,幹
|etm,患,患,患
|tgp,慣,慣,慣
|rb;,憾,憾,憾
|lhf,換,換,換
|yng,敢,敢,敢
|pnx,柑,柑,柑
|mnz,桓,桓,桓
|rv;,棺,棺,棺
|pnd,款,款,款
|dty,歓,歓,歓
|uns,汗,汗,汗
|ymr,漢,漢,漢
|zv;,潅,潅,潅
|vtk,甘,甘,甘
|fg&comma;,看,看,看
|vb/,竿,竿,竿
|vgk,簡,簡,簡
|ohq,緩,緩,緩
|cbo,缶,缶,缶
|xgu,肝,肝,肝
|cg;,艦,艦,艦
|lme,貫,貫,貫
|hmd,還,還,還
|uyq,鑑,鑑,鑑
|phc,閑,閑,閑
|svm,陥,陥,陥
|.yc,韓,韓,韓
|tv/,舘,舘,舘
|dtj,岸,岸,岸
|tt/,巌,巌,巌
|nhx,玩,玩,玩
|tbp,癌,癌,癌
|lhq,眼,眼,眼
|tb/,贋,贋,贋
|xvm,雁,雁,雁
|.hc,頑,頑,頑
|tgj,願,願,願
|jyb,伎,伎,伎
|kmd,危,危,危
|khg,喜,喜,喜
|wg;,奇,奇,奇
|onw,嬉,嬉,嬉
|ome,岐,岐,岐
|iyf,希,希,希
|ima,幾,幾,幾
|wbu,忌,忌,忌
|dbj,揮,揮,揮
|phb,机,机,机
|ctj,旗,旗,旗
|tto,既,既,既
|yme,棋,棋,棋
|img,棄,棄,棄
|bbi,毅,毅,毅
|;hf,汽,汽,汽
|/me,畿,畿,畿
|gt.,祈,祈,祈
|&comma;hf,季,季,季
|xt/,稀,稀,稀
|yhd,紀,紀,紀
|oys,貴,貴,貴
|imc,軌,軌,軌
|;ys,輝,輝,輝
|pns,飢,飢,飢
|abh,騎,騎,騎
|rgp,鬼,鬼,鬼
|jnf,亀,亀,亀
|dbm,偽,偽,偽
|jhc,儀,儀,儀
|lnq,妓,妓,妓
|zti,宜,宜,宜
|iyz,戯,戯,戯
|yyx,擬,擬,擬
|umg,欺,欺,欺
|svu,犠,犠,犠
|jyf,疑,疑,疑
|av/,祇,祇,祇
|xtn,蟻,蟻,蟻
|lyt,菊,菊,菊
|khc,喫,喫,喫
|yyz,橘,橘,橘
|qtl,詰,詰,詰
|sgp,却,却,却
|dtk,客,客,客
|rgm,脚,脚,脚
|jmc,虐,虐,虐
|tgl,逆,逆,逆
|egj,丘,丘,丘
|lyz,仇,仇,仇
|&comma;yg,吸,吸,吸
|rby,弓,弓,弓
|qtj,救,救,救
|xty,朽,朽,朽
|pmc,汲,汲,汲
|unf,泣,泣,泣
|qv&comma;,灸,灸,灸
|fv&comma;,窮,窮,窮
|bth,糾,糾,糾
|uht,旧,旧,旧
|agi,牛,牛,牛
|uye,去,去,去
|int,拒,拒,拒
|iyv,拠,拠,拠
|cbh,虚,虚,虚
|zgk,距,距,距
|ynz,鋸,鋸,鋸
|dtl,漁,漁,漁
|gtj,魚,魚,魚
|nne,亨,亨,亨
|bvi,享,享,享
|dgk,供,供,供
|tt.,凶,凶,凶
|rbm,匡,匡,匡
|vv.,卿,卿,卿
|gv;,叫,叫,叫
|tvm,喬,喬,喬
|kye,境,境,境
|fvp,峡,峡,峡
|tty,恐,恐,恐
|&comma;nr,恭,恭,恭
|vtm,挟,挟,挟
|tt;,狂,狂,狂
|inw,狭,狭,狭
|ymv,矯,矯,矯
|gbk,胸,胸,胸
|gbl,脅,脅,脅
|sgy,郷,郷,郷
|hhv,鏡,鏡,鏡
|bb/,饗,饗,饗
|uhb,驚,驚,驚
|jyz,仰,仰,仰
|vvh,凝,凝,凝
|unv,尭,尭,尭
|nyf,暁,暁,暁
|myv,曲,曲,曲
|bgh,桐,桐,桐
|xbk,僅,僅,僅
|fth,均,均,均
|abo,巾,巾,巾
|qgu,錦,錦,錦
|hnq,斤,斤,斤
|sbm,欣,欣,欣
|xgm,欽,欽,欽
|tvj,琴,琴,琴
|agl,禁,禁,禁
|kha,筋,筋,筋
|&comma;yd,緊,緊,緊
|ymz,芹,芹,芹
|ebi,菌,菌,菌
|nnd,衿,衿,衿
|lnv,襟,襟,襟
|tt&comma;,謹,謹,謹
|nys,吟,吟,吟
|ztm,倶,倶,倶
|rtm,句,句,句
|mnr,狗,狗,狗
|.hv,矩,矩,矩
|uyd,苦,苦,苦
|rbl,駆,駆,駆
|dv/,駈,駈,駈
|;yr,駒,駒,駒
|ag/,愚,愚,愚
|unc,虞,虞,虞
|qgn,喰,喰,喰
|nha,偶,偶,偶
|yne,隅,隅,隅
|zbh,串,串,串
|.nc,櫛,櫛,櫛
|xg.,釧,釧,釧
|xb/,屑,屑,屑
|lnw,屈,屈,屈
|ctu,掘,掘,掘
|onr,窟,窟,窟
|qg;,靴,靴,靴
|xtp,窪,窪,窪
|knb,隈,隈,隈
|iyb,栗,栗,栗
|&comma;mf,繰,繰,繰
|dvo,桑,桑,桑
|fvo,勲,勲,勲
|fgo,君,君,君
|st.,薫,薫,薫
|mhr,訓,訓,訓
|yyd,群,群,群
|iys,郡,郡,郡
|nhz,卦,卦,卦
|fbj,傾,傾,傾
|dbh,刑,刑,刑
|dvl,兄,兄,兄
|cgo,啓,啓,啓
|eb.,圭,圭,圭
|vgu,契,契,契
|xvk,径,径,径
|dth,恵,恵,恵
|rto,慶,慶,慶
|ct.,慧,慧,慧
|ttp,憩,憩,憩
|hya,掲,掲,掲
|gvo,携,携,携
|fby,敬,敬,敬
|imd,桂,桂,桂
|vvy,渓,渓,渓
|cb;,稽,稽,稽
|khs,系,系,系
|qtk,継,継,継
|nna,罫,罫,罫
|inx,茎,茎,茎
|pnw,蛍,蛍,蛍
|onx,詣,詣,詣
|.yv,頚,頚,頚
|atp,鶏,鶏,鶏
|rbo,鯨,鯨,鯨
|rgi,激,激,激
|;nx,隙,隙,隙
|zvi,桁,桁,桁
|cto,傑,傑,傑
|lmf,欠,欠,欠
|evo,潔,潔,潔
|lhv,穴,穴,穴
|jht,血,血,血
|xto,倹,倹,倹
|qv/,倦,倦,倦
|hha,兼,兼,兼
|ctl,剣,剣,剣
|&comma;hx,喧,喧,喧
|ume,圏,圏,圏
|hmf,堅,堅,堅
|qvi,嫌,嫌,嫌
|wgh,憲,憲,憲
|cty,懸,懸,懸
|vg&comma;,拳,拳,拳
|fvj,犬,犬,犬
|jmf,献,献,献
|mmz,硯,硯,硯
|phf,絹,絹,絹
|&comma;yr,肩,肩,肩
|vti,謙,謙,謙
|xtk,賢,賢,賢
|wt;,軒,軒,軒
|mye,遣,遣,遣
|cvy,鍵,鍵,鍵
|imq,顕,顕,顕
|lnz,鹸,鹸,鹸
|etp,厳,厳,厳
|umr,幻,幻,幻
|ggm,弦,弦,弦
|rty,源,源,源
|yyq,玄,玄,玄
|zby,舷,舷,舷
|.na,諺,諺,諺
|bbp,乎,乎,乎
|hyf,呼,呼,呼
|dti,固,固,固
|/mg,姑,姑,姑
|cvj,孤,孤,孤
|/hd,己,己,己
|/yr,弧,弧,弧
|/yg,枯,枯,枯
|hye,湖,湖,湖
|rvn,狐,狐,狐
|ct/,糊,糊,糊
|zv/,袴,袴,袴
|ymq,股,股,股
|wbl,胡,胡,胡
|ftn,虎,虎,虎
|jme,誇,誇,誇
|dv&comma;,雇,雇,雇
|&comma;yt,顧,顧,顧
|nyr,鼓,鼓,鼓
|ohd,互,互,互
|&comma;yv,伍,伍,伍
|mhs,呉,呉,呉
|jyv,吾,吾,吾
|xvi,娯,娯,娯
|dvp,悟,悟,悟
|&comma;mg,碁,碁,碁
|fbl,誤,誤,誤
|/mv,醐,醐,醐
|kmf,乞,乞,乞
|mmt,鯉,鯉,鯉
|&comma;yx,侯,侯,侯
|wgi,候,候,候
|jyt,功,功,功
|hnx,勾,勾,勾
|dv.,后,后,后
|onq,喉,喉,喉
|umw,坑,坑,坑
|rt/,孔,孔,孔
|uhq,孝,孝,孝
|fbh,宏,宏,宏
|/hg,巧,巧,巧
|jhd,康,康,康
|yhe,弘,弘,弘
|vgo,恒,恒,恒
|sbp,慌,慌,慌
|rtl,抗,抗,抗
|myw,拘,拘,拘
|dg/,控,控,控
|kys,攻,攻,攻
|vt&comma;,昂,昂,昂
|/yw,晃,晃,晃
|svk,更,更,更
|fv.,洪,洪,洪
|cgy,浩,浩,浩
|gbm,溝,溝,溝
|;yf,甲,甲,甲
|hyw,皇,皇,皇
|;hc,硬,硬,硬
|sbh,稿,稿,稿
|eg;,紅,紅,紅
|bgm,紘,紘,紘
|nhc,絞,絞,絞
|eg&comma;,綱,綱,綱
|sbu,耕,耕,耕
|&comma;yb,肯,肯,肯
|fgu,荒,荒,荒
|&comma;mr,衡,衡,衡
|zgu,貢,貢,貢
|cvu,購,購,購
|st&comma;,郊,郊,郊
|sbi,酵,酵,酵
|sgk,降,降,降
|jyc,項,項,項
|rth,香,香,香
|vbu,剛,剛,剛
|/nb,劫,劫,劫
|hmx,拷,拷,拷
|khq,豪,豪,豪
|qv.,麹,麹,麹
|rt&comma;,克,克,克
|dbl,刻,刻,刻
|.hs,穀,穀,穀
|xth,酷,酷,酷
|lya,獄,獄,獄
|gg&comma;,腰,腰,腰
|qgl,骨,骨,骨
|myz,此,此,此
|wvy,頃,頃,頃
|gg;,困,困,困
|st/,墾,墾,墾
|dgh,婚,婚,婚
|inv,恨,恨,恨
|lms,懇,懇,懇
|wv.,昏,昏,昏
|hnv,昆,昆,昆
|zvh,梱,梱,梱
|ihv,混,混,混
|rv.,痕,痕,痕
|.ye,紺,紺,紺
|ev&comma;,魂,魂,魂
|nhq,叉,叉,叉
|;nr,唆,唆,唆
|hnz,嵯,嵯,嵯
|xbj,沙,沙,沙
|wtk,砂,砂,砂
|nmd,詐,詐,詐
|stm,鎖,鎖,鎖
|unz,裟,裟,裟
|&comma;ns,坐,坐,坐
|;hd,債,債,債
|fty,催,催,催
|jmx,哉,哉,哉
|nyz,塞,塞,塞
|etj,妻,妻,妻
|gv.,宰,宰,宰
|vtu,彩,彩,彩
|jye,採,採,採
|;yv,栽,栽,栽
|lhw,災,災,災
|vbn,采,采,采
|&comma;yc,砕,砕,砕
|zvy,砦,砦,砦
|.hf,斎,斎,斎
|sg;,菜,菜,菜
|kms,載,載,載
|wgo,剤,剤,剤
|wgu,罪,罪,罪
|nhv,冴,冴,冴
|;nb,堺,堺,堺
|cvn,榊,榊,榊
|unt,咲,咲,咲
|bvm,埼,埼,埼
|et/,削,削,削
|wvm,搾,搾,搾
|jmz,朔,朔,朔
|abn,柵,柵,柵
|db;,索,索,索
|pne,錯,錯,錯
|ftl,桜,桜,桜
|nmv,鮭,鮭,鮭
|omv,笹,笹,笹
|;mz,匙,匙,匙
|ebh,冊,冊,冊
|iha,刷,刷,刷
|uyf,察,察,察
|zg.,拶,拶,拶
|nhe,撮,撮,撮
|ctm,擦,擦,擦
|lyf,札,札,札
|myt,薩,薩,薩
|jnc,皿,皿,皿
|wg/,傘,傘,傘
|knv,惨,惨,惨
|pnt,撒,撒,撒
|rgj,散,散,散
|qvy,桟,桟,桟
|onz,珊,珊,珊
|nmr,蚕,蚕,蚕
|&comma;nz,讃,讃,讃
|uya,賛,賛,賛
|lyd,酸,酸,酸
|oyx,斬,斬,斬
|evp,暫,暫,暫
|/ma,仔,仔,仔
|inc,伺,伺,伺
|oyg,刺,刺,刺
|btj,嗣,嗣,嗣
|lhb,姉,姉,姉
|kyg,姿,姿,姿
|mmb,屍,屍,屍
|at;,旨,旨,旨
|yyr,枝,枝,枝
|/mq,獅,獅,獅
|rvj,祉,祉,祉
|ymt,紫,紫,紫
|pmt,肢,肢,肢
|hhc,脂,脂,脂
|jhx,至,至,至
|oyb,詞,詞,詞
|qgj,詩,詩,詩
|stj,誌,誌,誌
|wbk,諮,諮,諮
|avu,賜,賜,賜
|fb.,雌,雌,雌
|pyt,飼,飼,飼
|rgo,歯,歯,歯
|wvh,似,似,似
|ttn,侍,侍,侍
|/yf,慈,慈,慈
|ag.,滋,滋,滋
|/nf,爾,爾,爾
|qby,璽,璽,璽
|pmq,痔,痔,痔
|zgl,磁,磁,磁
|oyq,耳,耳,耳
|kne,辞,辞,辞
|zvk,汐,汐,汐
|sti,鹿,鹿,鹿
|jhg,識,識,識
|inq,軸,軸,軸
|&comma;mz,宍,宍,宍
|umz,雫,雫,雫
|hnc,叱,叱,叱
|lyr,執,執,執
|oms,湿,湿,湿
|vgn,漆,漆,漆
|pyv,疾,疾,疾
|mma,篠,篠,篠
|bby,柴,柴,柴
|/nq,縞,縞,縞
|fgj,舎,舎,舎
|ebk,射,射,射
|mhw,捨,捨,捨
|mnt,赦,赦,赦
|hmq,斜,斜,斜
|vth,煮,煮,煮
|xbh,紗,紗,紗
|lhc,謝,謝,謝
|cvp,遮,遮,遮
|omt,蛇,蛇,蛇
|pnf,邪,邪,邪
|kyr,借,借,借
|cv&comma;,勺,勺,勺
|fbn,尺,尺,尺
|qbn,灼,灼,灼
|;mw,爵,爵,爵
|&comma;mq,酌,酌,酌
|wtp,釈,釈,釈
|avo,寂,寂,寂
|knf,弱,弱,弱
|btk,朱,朱,朱
|yhw,殊,殊,殊
|bvk,狩,狩,狩
|gvk,珠,珠,珠
|cv;,腫,腫,腫
|und,趣,趣,趣
|lmx,儒,儒,儒
|qv;,呪,呪,呪
|kya,寿,寿,寿
|ohe,樹,樹,樹
|gty,需,需,需
|vgm,囚,囚,囚
|dgu,周,周,周
|egp,宗,宗,宗
|hhw,就,就,就
|hmv,愁,愁,愁
|avl,拾,拾,拾
|ync,洲,洲,洲
|nmt,繍,繍,繍
|vty,臭,臭,臭
|dt.,舟,舟,舟
|kyf,衆,衆,衆
|lnf,襲,襲,襲
|oma,蹴,蹴,蹴
|zb&comma;,酋,酋,酋
|bvj,酬,酬,酬
|inb,醜,醜,醜
|ftp,充,充,充
|omf,柔,柔,柔
|wvl,汁,汁,汁
|;md,獣,獣,獣
|hne,縦,縦,縦
|ine,銃,銃,銃
|vtp,叔,叔,叔
|agn,淑,淑,淑
|gvi,祝,祝,祝
|kmr,縮,縮,縮
|jmt,粛,粛,粛
|&comma;mc,塾,塾,塾
|sbk,熟,熟,熟
|wti,述,述,述
|cgu,俊,俊,俊
|.ng,峻,峻,峻
|rvk,瞬,瞬,瞬
|/md,駿,駿,駿
|tbk,准,准,准
|unw,循,循,循
|jyq,旬,旬,旬
|zbo,楯,楯,楯
|lmb,殉,殉,殉
|yha,淳,淳,淳
|pya,潤,潤,潤
|aby,盾,盾,盾
|uhf,純,純,純
|oyt,巡,巡,巡
|at/,遵,遵,遵
|sgu,順,順,順
|rtj,処,処,処
|lyc,暑,暑,暑
|/yq,曙,曙,曙
|abp,渚,渚,渚
|jmw,庶,庶,庶
|gtp,緒,緒,緒
|.md,叙,叙,叙
|kmw,序,序,序
|vbj,徐,徐,徐
|/yz,恕,恕,恕
|ftk,除,除,除
|lhs,傷,傷,傷
|uhw,償,償,償
|qgp,匠,匠,匠
|db&comma;,升,升,升
|xgl,召,召,召
|ft;,唱,唱,唱
|hng,奨,奨,奨
|nmq,妾,妾,妾
|/nw,娼,娼,娼
|rvl,宵,宵,宵
|qgh,尚,尚,尚
|wbj,庄,庄,庄
|kna,床,床,床
|sbj,彰,彰,彰
|sgo,承,承,承
|bvy,抄,抄,抄
|hht,招,招,招
|mhq,掌,掌,掌
|mhe,昌,昌,昌
|gv&comma;,晶,晶,晶
|ab&comma;,梢,梢,梢
|pyf,沼,沼,沼
|cgk,渉,渉,渉
|cv.,湘,湘,湘
|fgl,焼,焼,焼
|sto,焦,焦,焦
|atl,照,照,照
|iyc,症,症,症
|kyc,硝,硝,硝
|db.,礁,礁,礁
|tgo,祥,祥,祥
|cvk,称,称,称
|oye,章,章,章
|sgh,笑,笑,笑
|svi,粧,粧,粧
|wth,紹,紹,紹
|xg;,肖,肖,肖
|xbn,蕉,蕉,蕉
|ime,衝,衝,衝
|jmr,裳,裳,裳
|lmc,訟,訟,訟
|zgp,詔,詔,詔
|svh,詳,詳,詳
|jhs,象,象,象
|vby,醤,醤,醤
|zg&comma;,鍾,鍾,鍾
|ymd,鐘,鐘,鐘
|ggh,障,障,障
|;hb,丈,丈,丈
|zgo,丞,丞,丞
|jnb,冗,冗,冗
|sbo,剰,剰,剰
|rvp,壌,壌,壌
|stn,嬢,嬢,嬢
|nmb,杖,杖,杖
|sbl,浄,浄,浄
|hyc,畳,畳,畳
|rv&comma;,穣,穣,穣
|.ht,蒸,蒸,蒸
|ftj,譲,譲,譲
|zgi,醸,醸,醸
|ggu,錠,錠,錠
|hmb,嘱,嘱,嘱
|jyw,飾,飾,飾
|;na,拭,拭,拭
|yye,植,植,植
|&comma;nf,殖,殖,殖
|.yb,燭,燭,燭
|sgi,織,織,織
|pha,触,触,触
|/yc,蝕,蝕,蝕
|vbl,辱,辱,辱
|;yq,尻,尻,尻
|egn,侵,侵,侵
|atn,唇,唇,唇
|qtm,娠,娠,娠
|hhq,寝,寝,寝
|uyv,慎,慎,慎
|bbh,晋,晋,晋
|;mg,浸,浸,浸
|&comma;mx,秦,秦,秦
|ttu,紳,紳,紳
|kyv,臣,臣,臣
|.hx,芯,芯,芯
|umq,薪,薪,薪
|&comma;ht,診,診,診
|sb;,辛,辛,辛
|khd,針,針,針
|fgp,震,震,震
|&comma;yf,仁,仁,仁
|mha,刃,刃,刃
|/mr,塵,塵,塵
|xv/,壬,壬,壬
|&comma;ya,尋,尋,尋
|vt;,甚,甚,甚
|bgo,尽,尽,尽
|pma,腎,腎,腎
|qvu,訊,訊,訊
|yhz,迅,迅,迅
|ihq,陣,陣,陣
|gb.,諏,諏,諏
|hhe,須,須,須
|;hx,酢,酢,酢
|bt/,逗,逗,逗
|kmt,吹,吹,吹
|ctp,垂,垂,垂
|bg&comma;,帥,帥,帥
|lnr,炊,炊,炊
|cbl,睡,睡,睡
|ft/,粋,粋,粋
|abl,衰,衰,衰
|yhv,遂,遂,遂
|;ne,酔,酔,酔
|umc,錘,錘,錘
|&comma;ys,随,随,随
|nng,瑞,瑞,瑞
|ztu,髄,髄,髄
|btl,崇,崇,崇
|wb;,嵩,嵩,嵩
|nyt,枢,枢,枢
|&comma;md,据,据,据
|egk,杉,杉,杉
|kma,菅,菅,菅
|zgh,雀,雀,雀
|vvu,裾,裾,裾
|vtl,澄,澄,澄
|qt;,寸,寸,寸
|ggj,瀬,瀬,瀬
|zto,畝,畝,畝
|et.,是,是,是
|rbp,凄,凄,凄
|tbl,姓,姓,姓
|ohv,征,征,征
|uhz,牲,牲,牲
|egi,盛,盛,盛
|rg.,聖,聖,聖
|wty,誠,誠,誠
|xti,誓,誓,誓
|rtk,請,請,請
|xt;,逝,逝,逝
|zb.,醒,醒,醒
|;yc,斉,斉,斉
|/mz,脆,脆,脆
|agm,隻,隻,隻
|gtn,惜,惜,惜
|.mv,戚,戚,戚
|bto,斥,斥,斥
|uyb,昔,昔,昔
|tvy,析,析,析
|nhf,籍,籍,籍
|egu,績,績,績
|xt.,脊,脊,脊
|hhd,責,責,責
|rt;,跡,跡,跡
|gb&comma;,蹟,蹟,蹟
|&comma;mt,拙,拙,拙
|dvn,摂,摂,摂
|atj,折,折,折
|.yt,窃,窃,窃
|dgl,節,節,節
|rtu,雪,雪,雪
|fgh,絶,絶,絶
|rb&comma;,舌,舌,舌
|hyr,仙,仙,仙
|sth,占,占,占
|gtl,宣,宣,宣
|zt&comma;,尖,尖,尖
|lyq,扇,扇,扇
|cbp,栓,栓,栓
|kyx,染,染,染
|rbj,潜,潜,潜
|tbm,煎,煎,煎
|/he,旋,旋,旋
|ggk,繊,繊,繊
|xtm,羨,羨,羨
|nnv,腺,腺,腺
|svl,薦,薦,薦
|;nz,詮,詮,詮
|.hz,賎,賎,賎
|mne,践,践,践
|gt/,遷,遷,遷
|cgh,銭,銭,銭
|evn,銑,銑,銑
|xv&comma;,閃,閃,閃
|phe,鮮,鮮,鮮
|;hz,漸,漸,漸
|at&comma;,禅,禅,禅
|qvh,繕,繕,繕
|ynt,膳,膳,膳
|pmg,糎,糎,糎
|xb&comma;,噌,噌,噌
|cb&comma;,塑,塑,塑
|phs,措,措,措
|vv/,曾,曾,曾
|dbp,曽,曽,曽
|vbm,楚,楚,楚
|nmg,狙,狙,狙
|bg;,疎,疎,疎
|;ht,礎,礎,礎
|fvy,祖,祖,祖
|lmv,租,租,租
|tgn,粗,粗,粗
|umb,蘇,蘇,蘇
|uyt,訴,訴,訴
|nhs,阻,阻,阻
|zvn,遡,遡,遡
|xbp,鼠,鼠,鼠
|ohb,僧,僧,僧
|gti,創,創,創
|wtl,双,双,双
|bgl,喪,喪,喪
|mys,壮,壮,壮
|eb/,宋,宋,宋
|tth,層,層,層
|ona,惣,惣,惣
|rgl,捜,捜,捜
|vgj,掃,掃,掃
|pyz,挿,挿,挿
|hhr,操,操,操
|pyr,曹,曹,曹
|yhr,巣,巣,巣
|xg/,槍,槍,槍
|ztk,槽,槽,槽
|zt/,漕,漕,漕
|nme,燥,燥,燥
|rg;,窓,窓,窓
|uyz,綜,綜,綜
|&comma;nq,聡,聡,聡
|wgl,荘,荘,荘
|;hw,葬,葬,葬
|pme,蒼,蒼,蒼
|&comma;nc,藻,藻,藻
|eth,走,走,走
|imw,遭,遭,遭
|ztj,霜,霜,霜
|jne,騒,騒,騒
|lys,像,像,像
|vvk,憎,憎,憎
|rbk,臓,臓,臓
|rg&comma;,贈,贈,贈
|phw,促,促,促
|fto,則,則,則
|mhf,息,息,息
|pyg,束,束,束
|rti,測,測,測
|uyg,速,速,速
|yms,俗,俗,俗
|etl,属,属,属
|nyg,賊,賊,賊
|abi,袖,袖,袖
|nht,其,其,其
|wtm,揃,揃,揃
|dgm,存,存,存
|ohc,孫,孫,孫
|jhz,尊,尊,尊
|wto,損,損,損
|xb;,汰,汰,汰
|sb.,唾,唾,唾
|ons,堕,堕,堕
|phq,妥,妥,妥
|jmb,惰,惰,惰
|vvp,舵,舵,舵
|yyc,駄,駄,駄
|pnz,堆,堆,堆
|rtn,耐,耐,耐
|egl,帯,帯,帯
|gbo,怠,怠,怠
|tgu,熊,熊,熊
|mmg,戴,戴,戴
|kmg,替,替,替
|evh,泰,泰,泰
|ebu,滞,滞,滞
|hhz,胎,胎,胎
|xv.,腿,腿,腿
|.nw,苔,苔,苔
|inf,逮,逮,逮
|.ya,鯛,鯛,鯛
|/hz,醍,醍,醍
|ymf,鷹,鷹,鷹
|ati,滝,滝,滝
|jms,卓,卓,卓
|rt.,択,択,択
|uhx,拓,拓,拓
|svp,濯,濯,濯
|/ne,琢,琢,琢
|gb;,濁,濁,濁
|ong,諾,諾,諾
|zvm,茸,茸,茸
|mnx,凧,凧,凧
|tb;,只,只,只
|wbn,叩,叩,叩
|pyc,但,但,但
|dvy,辰,辰,辰
|ag&comma;,奪,奪,奪
|dt;,脱,脱,脱
|nnx,竪,竪,竪
|mnf,棚,棚,棚
|/yb,狸,狸,狸
|pnc,樽,樽,樽
|avj,誰,誰,誰
|lyg,丹,丹,丹
|qtp,嘆,嘆,嘆
|bt;,坦,坦,坦
|sty,探,探,探
|myc,旦,旦,旦
|nmx,歎,歎,歎
|hme,淡,淡,淡
|egy,炭,炭,炭
|&comma;hd,端,端,端
|qb.,綻,綻,綻
|bb.,耽,耽,耽
|qt&comma;,胆,胆,胆
|pmx,蛋,蛋,蛋
|kmq,誕,誕,誕
|fbo,鍛,鍛,鍛
|sg.,壇,壇,壇
|wgy,弾,弾,弾
|gvj,暖,暖,暖
|mmx,檀,檀,檀
|.nx,弛,弛,弛
|xtl,恥,恥,恥
|qty,智,智,智
|wtn,痴,痴,痴
|yya,稚,稚,稚
|khb,致,致,致
|gtu,遅,遅,遅
|.hq,馳,馳,馳
|evu,畜,畜,畜
|qt/,筑,筑,筑
|jnt,蓄,蓄,蓄
|.yg,逐,逐,逐
|myf,秩,秩,秩
|wgn,窒,窒,窒
|yna,嫡,嫡,嫡
|khx,宙,宙,宙
|;he,忠,忠,忠
|hhb,抽,抽,抽
|rgu,昼,昼,昼
|dt/,柱,柱,柱
|ag;,虫,虫,虫
|lnc,衷,衷,衷
|zb;,註,註,註
|xgi,鋳,鋳,鋳
|dvh,駐,駐,駐
|nya,猪,猪,猪
|phd,著,著,著
|oyw,貯,貯,貯
|ung,兆,兆,兆
|.mc,帖,帖,帖
|vgh,帳,帳,帳
|ohz,弔,弔,弔
|gvy,彫,彫,彫
|ind,徴,徴,徴
|gg/,懲,懲,懲
|hmt,挑,挑,挑
|rbn,暢,暢,暢
|uhv,潮,潮,潮
|.yf,眺,眺,眺
|evj,聴,聴,聴
|tvn,脹,脹,脹
|iyx,腸,腸,腸
|jna,蝶,蝶,蝶
|.mz,諜,諜,諜
|pye,超,超,超
|myq,跳,跳,跳
|/hx,銚,銚,銚
|myg,頂,頂,頂
|iyr,鳥,鳥,鳥
|zth,勅,勅,勅
|vtn,朕,朕,朕
|ins,沈,沈,沈
|.he,珍,珍,珍
|yyv,鎮,鎮,鎮
|.hg,陳,陳,陳
|xgh,墜,墜,墜
|zbp,椎,椎,椎
|bv.,鎚,鎚,鎚
|agu,痛,痛,痛
|vb.,槻,槻,槻
|nyc,佃,佃,佃
|ebp,漬,漬,漬
|wvj,辻,辻,辻
|ymb,蔦,蔦,蔦
|xvu,綴,綴,綴
|btm,椿,椿,椿
|nmz,潰,潰,潰
|pmf,壷,壷,壷
|xt&comma;,爪,爪,爪
|nmw,吊,吊,吊
|lng,釣,釣,釣
|&comma;he,鶴,鶴,鶴
|ihx,亭,亭,亭
|/hr,偵,偵,偵
|xg&comma;,剃,剃,剃
|lmt,貞,貞,貞
|oyr,呈,呈,呈
|/hw,堤,堤,堤
|sgl,底,底,底
|fb;,廷,廷,廷
|imf,弟,弟,弟
|unb,悌,悌,悌
|bgi,抵,抵,抵
|myb,挺,挺,挺
|bv/,汀,汀,汀
|mmq,碇,碇,碇
|zbj,禎,禎,禎
|lhd,締,締,締
|nyd,艇,艇,艇
|umf,訂,訂,訂
|rb/,諦,諦,諦
|/ye,逓,逓,逓
|iyg,邸,邸,邸
|onc,釘,釘,釘
|lyv,泥,泥,泥
|fvh,摘,摘,摘
|fg.,敵,敵,敵
|wbi,滴,滴,滴
|ttm,笛,笛,笛
|/mw,溺,溺,溺
|qgy,哲,哲,哲
|cgl,徹,徹,徹
|cbj,撤,撤,撤
|fvm,迭,迭,迭
|gtk,典,典,典
|agp,添,添,添
|cbi,貼,貼,貼
|&comma;hw,殿,殿,殿
|.nz,兎,兎,兎
|tbh,吐,吐,吐
|ohs,塗,塗,塗
|zbm,屠,屠,屠
|khf,徒,徒,徒
|cgp,斗,斗,斗
|zvu,杜,杜,杜
|omw,賭,賭,賭
|pyd,途,途,途
|fg;,努,努,努
|bgy,奴,奴,奴
|jyx,怒,怒,怒
|agh,倒,倒,倒
|phr,冬,冬,冬
|st;,凍,凍,凍
|fb&comma;,刀,刀,刀
|gby,唐,唐,唐
|xbu,塔,塔,塔
|bvp,嶋,嶋,嶋
|qbi,悼,悼,悼
|imt,搭,搭,搭
|hyv,桃,桃,桃
|una,棟,棟,棟
|hhg,盗,盗,盗
|hyd,湯,湯,湯
|ggp,灯,灯,灯
|hyz,燈,燈,燈
|vb;,痘,痘,痘
|fv;,筒,筒,筒
|ihf,糖,糖,糖
|bgk,到,到,到
|cgn,謄,謄,謄
|lht,豆,豆,豆
|mhg,踏,踏,踏
|ihc,逃,逃,逃
|cgm,透,透,透
|yys,陶,陶,陶
|unr,騰,騰,騰
|jyd,闘,闘,闘
|nyx,憧,憧,憧
|fbp,洞,洞,洞
|;ms,瞳,瞳,瞳
|jmg,童,童,童
|jma,胴,胴,胴
|gbj,銅,銅,銅
|cbu,峠,峠,峠
|wvo,匿,匿,匿
|bt.,禿,禿,禿
|/ht,篤,篤,篤
|gt;,毒,毒,毒
|lmg,栃,栃,栃
|bv;,凸,凸,凸
|ihd,突,突,突
|lyw,届,届,届
|qvp,苫,苫,苫
|;nv,寅,寅,寅
|nma,酉,酉,酉
|mna,屯,屯,屯
|.nr,惇,惇,惇
|/hv,敦,敦,敦
|;hv,豚,豚,豚
|nnw,頓,頓,頓
|imb,呑,呑,呑
|cby,鈍,鈍,鈍
|uhg,奈,奈,奈
|;yt,那,那,那
|rv/,凪,凪,凪
|lmz,謎,謎,謎
|wv/,灘,灘,灘
|wb/,捺,捺,捺
|qbk,鍋,鍋,鍋
|sv.,馴,馴,馴
|aty,縄,縄,縄
|avp,楠,楠,楠
|svy,軟,軟,軟
|btp,汝,汝,汝
|wby,尼,尼,尼
|av&comma;,弐,弐,弐
|tby,匂,匂,匂
|wbm,賑,賑,賑
|egh,肉,肉,肉
|sbn,虹,虹,虹
|pmr,廿,廿,廿
|dg&comma;,乳,乳,乳
|abu,如,如,如
|lma,尿,尿,尿
|ums,妊,妊,妊
|ing,忍,忍,忍
|wv&comma;,濡,濡,濡
|xgp,寧,寧,寧
|sby,猫,猫,猫
|&comma;hr,燃,燃,燃
|ztl,粘,粘,粘
|evk,乃,乃,乃
|hmg,悩,悩,悩
|gvh,濃,濃,濃
|agy,納,納,納
|et;,脳,脳,脳
|bbn,膿,膿,膿
|.yz,覗,覗,覗
|ynd,巴,巴,巴
|xgn,把,把,把
|vbi,播,播,播
|lnb,覇,覇,覇
|zbl,琶,琶,琶
|lhe,破,破,破
|bbk,婆,婆,婆
|vvm,芭,芭,芭
|sgm,俳,俳,俳
|ctk,廃,廃,廃
|eby,拝,拝,拝
|uhc,排,排,排
|gvl,杯,杯,杯
|bt&comma;,盃,盃,盃
|tb.,牌,牌,牌
|oyf,背,背,背
|ynf,肺,肺,肺
|ina,輩,輩,輩
|dvk,倍,倍,倍
|zgy,培,培,培
|vgp,媒,媒,媒
|ohr,梅,梅,梅
|cb/,狽,狽,狽
|;nw,賠,賠,賠
|zg;,陪,陪,陪
|mmv,蝿,蝿,蝿
|;mq,萩,萩,萩
|cvi,伯,伯,伯
|/mc,剥,剥,剥
|kyw,博,博,博
|&comma;hv,拍,拍,拍
|tb&comma;,柏,柏,柏
|vtj,泊,泊,泊
|onb,箔,箔,箔
|vt/,粕,粕,粕
|tvi,舶,舶,舶
|hys,薄,薄,薄
|dbi,迫,迫,迫
|atm,漠,漠,漠
|mmf,縛,縛,縛
|ztp,莫,莫,莫
|sgn,麦,麦,麦
|yhq,函,函,函
|dgn,箱,箱,箱
|xvp,箸,箸,箸
|;mc,肇,肇,肇
|tbi,筈,筈,筈
|dgp,幡,幡,幡
|jnr,肌,肌,肌
|dtm,畑,畑,畑
|/yv,畠,畠,畠
|.hb,鉢,鉢,鉢
|ebl,髪,髪,髪
|mhx,伐,伐,伐
|rg/,罰,罰,罰
|&comma;ms,閥,閥,閥
|at.,鳩,鳩,鳩
|qg/,隼,隼,隼
|ttl,伴,伴,伴
|pnr,帆,帆,帆
|rvh,搬,搬,搬
|/yx,斑,斑,斑
|.nt,汎,汎,汎
|lhg,犯,犯,犯
|wvi,班,班,班
|&comma;hb,畔,畔,畔
|tgh,繁,繁,繁
|bvu,藩,藩,藩
|qth,範,範,範
|fvn,煩,煩,煩
|sb&comma;,頒,頒,頒
|hhs,飯,飯,飯
|ebj,晩,晩,晩
|sgj,盤,盤,盤
|jnx,蛮,蛮,蛮
|/yt,卑,卑,卑
|yyf,否,否,否
|.mf,妃,妃,妃
|jmd,悲,悲,悲
|ynr,扉,扉,扉
|tgi,批,批,批
|rvi,披,披,披
|gvp,斐,斐,斐
|btu,泌,泌,泌
|kyb,疲,疲,疲
|dt&comma;,皮,皮,皮
|;yx,碑,碑,碑
|etu,秘,秘,秘
|vvo,緋,緋,緋
|bbu,罷,罷,罷
|.hd,肥,肥,肥
|kme,被,被,被
|;yg,避,避,避
|zg/,樋,樋,樋
|gt&comma;,微,微,微
|mnc,琵,琵,琵
|bty,眉,眉,眉
|oyc,鼻,鼻,鼻
|hyq,匹,匹,匹
|zvo,髭,髭,髭
|ihe,彦,彦,彦
|pnb,膝,膝,膝
|omz,肘,肘,肘
|ggy,筆,筆,筆
|.yx,桧,桧,桧
|uyx,姫,姫,姫
|ctn,紐,紐,紐
|qbm,謬,謬,謬
|sv;,俵,俵,俵
|uhr,標,標,標
|yyw,氷,氷,氷
|wvu,漂,漂,漂
|oyd,票,票,票
|avn,豹,豹,豹
|hyt,描,描,描
|jys,秒,秒,秒
|mnd,苗,苗,苗
|nnr,彬,彬,彬
|wt&comma;,貧,貧,貧
|tbu,賓,賓,賓
|mmw,頻,頻,頻
|;yw,敏,敏,敏
|xgo,瓶,瓶,瓶
|vbp,冨,冨,冨
|jhe,布,布,布
|qg&comma;,怖,怖,怖
|&comma;ha,扶,扶,扶
|btn,斧,斧,斧
|kns,浮,浮,浮
|jhw,父,父,父
|qgm,符,符,符
|omg,腐,腐,腐
|yyb,膚,膚,膚
|gbn,芙,芙,芙
|stp,譜,譜,譜
|jhb,賦,賦,賦
|lhz,赴,赴,赴
|mnq,阜,阜,阜
|xvj,附,附,附
|vg.,侮,侮,侮
|vvn,撫,撫,撫
|khe,舞,舞,舞
|zv.,蕪,蕪,蕪
|ohw,封,封,封
|bgn,楓,楓,楓
|hnb,蕗,蕗,蕗
|rbi,伏,伏,伏
|dtu,副,副,副
|ftu,幅,幅,幅
|&comma;me,腹,腹,腹
|phg,複,複,複
|ct;,覆,覆,覆
|wgp,淵,淵,淵
|;nt,沸,沸,沸
|jyg,仏,仏,仏
|;mr,噴,噴,噴
|ab;,墳,墳,墳
|knx,憤,憤,憤
|hnt,奮,奮,奮
|iyw,粉,粉,粉
|mnb,糞,糞,糞
|;nd,紛,紛,紛
|qvj,雰,雰,雰
|ebm,丙,丙,丙
|lye,併,併,併
|nhb,塀,塀,塀
|phx,幣,幣,幣
|abk,弊,弊,弊
|;yd,柄,柄,柄
|cth,閉,閉,閉
|nhr,陛,陛,陛
|cbk,頁,頁,頁
|lne,壁,壁,壁
|mme,癖,癖,癖
|wvn,碧,碧,碧
|&comma;mb,蔑,蔑,蔑
|;yb,偏,偏,偏
|knd,片,片,片
|evy,篇,篇,篇
|vvi,遍,遍,遍
|dtp,勉,勉,勉
|ego,弁,弁,弁
|zb/,鞭,鞭,鞭
|lhr,舗,舗,舗
|rgk,捕,捕,捕
|omb,甫,甫,甫
|qvo,輔,輔,輔
|mht,穂,穂,穂
|rgn,墓,墓,墓
|&comma;yq,慕,慕,慕
|jnd,暮,暮,暮
|ymg,簿,簿,簿
|evm,菩,菩,菩
|omq,倣,倣,倣
|xv;,俸,俸,俸
|mhd,包,包,包
|omc,呆,呆,呆
|jns,奉,奉,奉
|fvi,峰,峰,峰
|xvn,峯,峯,峯
|&comma;nt,崩,崩,崩
|avk,抱,抱,抱
|pmw,朋,朋,朋
|one,泡,泡,泡
|.nq,烹,烹,烹
|inr,砲,砲,砲
|tvk,縫,縫,縫
|qvk,胞,胞,胞
|dbo,芳,芳,芳
|.ma,萌,萌,萌
|xbm,蓬,蓬,蓬
|.yq,蜂,蜂,蜂
|/ng,褒,褒,褒
|kyd,邦,邦,邦
|qt.,飽,飽,飽
|umx,鳳,鳳,鳳
|nnz,鵬,鵬,鵬
|tbj,乏,乏,乏
|dg.,亡,亡,亡
|pyq,傍,傍,傍
|png,剖,剖,剖
|xgk,坊,坊,坊
|phv,妨,妨,妨
|lmw,帽,帽,帽
|qtu,忘,忘,忘
|umd,忙,忙,忙
|ihs,房,房,房
|uys,暴,暴,暴
|wbh,某,某,某
|oha,棒,棒,棒
|;ya,冒,冒,冒
|jhf,紡,紡,紡
|rvo,肪,肪,肪
|;ns,膨,膨,膨
|/hs,謀,謀,謀
|onf,貌,貌,貌
|tgk,貿,貿,貿
|pmb,吠,吠,吠
|ebn,頬,頬,頬
|tg.,僕,僕,僕
|evi,墨,墨,墨
|nhg,撲,撲,撲
|mmd,朴,朴,朴
|knr,牧,牧,牧
|qbo,睦,睦,睦
|.mt,釦,釦,釦
|inz,勃,勃,勃
|rvu,没,没,没
|wvp,殆,殆,殆
|fti,堀,堀,堀
|bg.,幌,幌,幌
|qtn,奔,奔,奔
|mhv,翻,翻,翻
|gg.,凡,凡,凡
|&comma;ma,盆,盆,盆
|yht,摩,摩,摩
|omd,磨,磨,磨
|gvu,魔,魔,魔
|wgk,麻,麻,麻
|wg&comma;,埋,埋,埋
|imr,妹,妹,妹
|iyt,枚,枚,枚
|zbi,槙,槙,槙
|ggo,幕,幕,幕
|mns,膜,膜,膜
|jmq,枕,枕,枕
|xbl,亦,亦,亦
|pmz,俣,俣,俣
|fgy,又,又,又
|.ns,抹,抹,抹
|.nv,迄,迄,迄
|imv,繭,繭,繭
|bbl,麿,麿,麿
|ggn,慢,慢,慢
|dby,漫,漫,漫
|qti,魅,魅,魅
|/hf,巳,巳,巳
|/mx,箕,箕,箕
|nns,岬,岬,岬
|khr,密,密,密
|bv&comma;,蜜,蜜,蜜
|zvj,稔,稔,稔
|nmf,脈,脈,脈
|ft.,妙,妙,妙
|mnw,粍,粍,粍
|hnf,眠,眠,眠
|ohg,夢,夢,夢
|bb;,牟,牟,牟
|jnv,矛,矛,矛
|&comma;ye,霧,霧,霧
|yns,婿,婿,婿
|fbi,娘,娘,娘
|tbn,冥,冥,冥
|ggi,盟,盟,盟
|tvh,迷,迷,迷
|stl,銘,銘,銘
|ft&comma;,鳴,鳴,鳴
|/nt,牝,牝,牝
|oyv,滅,滅,滅
|dto,綿,綿,綿
|onv,麺,麺,麺
|iyd,模,模,模
|uyw,茂,茂,茂
|cvm,妄,妄,妄
|&comma;mv,孟,孟,孟
|abj,猛,猛,猛
|;mt,盲,盲,盲
|dtn,網,網,網
|cg.,耗,耗,耗
|zvp,蒙,蒙,蒙
|gtm,黙,黙,黙
|nnq,勿,勿,勿
|mmc,餅,餅,餅
|bb&comma;,尤,尤,尤
|svj,戻,戻,戻
|bvo,貰,貰,貰
|zv&comma;,悶,悶,悶
|rbh,紋,紋,紋
|/mf,匁,匁,匁
|vgi,也,也,也
|ymc,爺,爺,爺
|abm,耶,耶,耶
|ago,弥,弥,弥
|stu,矢,矢,矢
|vvj,厄,厄,厄
|ety,訳,訳,訳
|lmd,躍,躍,躍
|fb/,靖,靖,靖
|;hs,柳,柳,柳
|.mb,薮,薮,薮
|.mg,愉,愉,愉
|gv/,癒,癒,癒
|&comma;nd,諭,諭,諭
|bgj,唯,唯,唯
|zgm,佑,佑,佑
|kng,勇,勇,勇
|wv;,幽,幽,幽
|.yr,悠,悠,悠
|lns,憂,憂,憂
|nms,湧,湧,湧
|nye,猶,猶,猶
|vg/,祐,祐,祐
|pht,裕,裕,裕
|qgo,誘,誘,誘
|kyt,夕,夕,夕
|ihw,余,余,余
|ond,誉,誉,誉
|;ha,預,預,預
|pys,幼,幼,幼
|lnx,妖,妖,妖
|lna,庸,庸,庸
|hms,揚,揚,揚
|eb;,揺,揺,揺
|nhw,擁,擁,擁
|cvl,溶,溶,溶
|;hq,窯,窯,窯
|ev;,羊,羊,羊
|hmz,蓉,蓉,蓉
|khw,謡,謡,謡
|gto,踊,踊,踊
|jnz,遥,遥,遥
|bvn,慾,慾,慾
|ihz,抑,抑,抑
|fbk,欲,欲,欲
|xgj,翌,翌,翌
|ath,翼,翼,翼
|cb.,淀,淀,淀
|mhz,羅,羅,羅
|ymw,裸,裸,裸
|dvi,頼,頼,頼
|tvl,雷,雷,雷
|av.,洛,洛,洛
|hyg,絡,絡,絡
|ct&comma;,酪,酪,酪
|uhs,乱,乱,乱
|jnw,卵,卵,卵
|lmr,嵐,嵐,嵐
|myr,欄,欄,欄
|rvm,濫,濫,濫
|umv,藍,藍,藍
|kmb,蘭,蘭,蘭
|wvk,覧,覧,覧
|.ha,吏,吏,吏
|vbk,李,李,李
|pna,梨,梨,梨
|/ya,璃,璃,璃
|mhc,痢,痢,痢
|cgj,里,里,里
|jyr,離,離,離
|lnd,律,律,律
|et&comma;,略,略,略
|;mf,溜,溜,溜
|ttj,留,留,留
|cti,硫,硫,硫
|&comma;ng,粒,粒,粒
|dvu,隆,隆,隆
|ohf,竜,竜,竜
|/ns,龍,龍,龍
|yhs,慮,慮,慮
|.hw,虜,虜,虜
|oht,了,了,了
|rb.,亮,亮,亮
|iyq,僚,僚,僚
|/mb,凌,凌,凌
|hnr,涼,涼,涼
|lmq,猟,猟,猟
|stk,療,療,療
|zbu,瞭,瞭,瞭
|pnv,稜,稜,稜
|lhx,糧,糧,糧
|tv.,諒,諒,諒
|cbm,遼,遼,遼
|mhb,陵,陵,陵
|dbu,緑,緑,緑
|sg/,倫,倫,倫
|dv;,厘,厘,厘
|.nd,淋,淋,淋
|bg/,燐,燐,燐
|wtj,臨,臨,臨
|yhf,輪,輪,輪
|eto,隣,隣,隣
|vt.,瑠,瑠,瑠
|kmc,涙,涙,涙
|gvm,累,累,累
|eti,令,令,令
|ymx,伶,伶,伶
|knc,励,励,励
|hnw,嶺,嶺,嶺
|unx,怜,怜,怜
|myx,玲,玲,玲
|dvj,礼,礼,礼
|bvl,隷,隷,隷
|khz,零,零,零
|svo,霊,霊,霊
|cg&comma;,麗,麗,麗
|.hr,暦,暦,暦
|gth,列,列,列
|;me,劣,劣,劣
|rbu,烈,烈,烈
|tvu,裂,裂,裂
|fbm,廉,廉,廉
|atk,恋,恋,恋
|lnt,蓮,蓮,蓮
|vto,錬,錬,錬
|&comma;hq,呂,呂,呂
|yhb,炉,炉,炉
|sg&comma;,露,露,露
|wgm,廊,廊,廊
|qb/,弄,弄,弄
|tti,朗,朗,朗
|wt.,楼,楼,楼
|ftm,浪,浪,浪
|svn,漏,漏,漏
|vb&comma;,牢,牢,牢
|hmc,狼,狼,狼
|mya,篭,篭,篭
|yhg,老,老,老
|omx,麓,麓,麓
|&comma;nv,禄,禄,禄
|qvn,肋,肋,肋
|/ms,倭,倭,倭
|ynq,歪,歪,歪
|ebo,賄,賄,賄
|gbu,脇,脇,脇
|rtp,惑,惑,惑
|/nr,枠,枠,枠
|nnb,鷲,鷲,鷲
|sv/,亘,亘,亘
|&comma;yz,詫,詫,詫
|/nc,椀,椀,椀
|lha,湾,湾,湾
|fbu,腕,腕,腕
